server_round,client_id,training_time
1,1,2.706319808959961
1,6,2.7131757736206055
1,7,1.9622218608856201
1,5,2.5339150428771973
1,4,2.646850824356079
1,11,2.3507919311523438
1,2,2.927424430847168
1,10,3.658891201019287
2,11,3.9019975662231445
2,4,5.326187372207642
2,3,5.044130563735962
2,8,2.73319149017334
2,5,5.0641491413116455
2,10,5.186929702758789
2,0,5.3292505741119385
2,7,2.365088701248169
2,2,6.2314066886901855
2,1,3.9383773803710938
2,6,2.7359426021575928
2,9,1.725414514541626
