server_round,loss,accuracy,server_evaluation_time,full_round_time
0,147.86227416992188,0.11869999766349792,1.9240314960479736,
1,2.1764180660247803,0.7123000025749207,1.3694181442260742,26.149127960205078
2,1.1655058860778809,0.6496999859809875,1.1720070838928223,24.331501960754395
