server_round,loss,accuracy,server_evaluation_time,full_round_time,avg_client_training_time,max_client_training_time,min_client_training_time,num_failures,accuracy_delta,loss_delta
0,223.9032745361328,0.08709999918937683,1.9374628067016602,,,,,,,
1,8.833659172058105,0.6308000087738037,2.1989481449127197,27.73658323287964,7.623673955599467,8.815962791442871,5.962622880935669,0,0.5437000095844269,-215.0696153640747
2,1.7565535306930542,0.5627999901771545,2.833890438079834,83.81470823287964,37.82746340831121,43.48369121551514,34.984307289123535,0,-0.06800001859664917,-7.077105641365051
