server_round,loss,accuracy,server_evaluation_time
0,146.21768188476562,0.07519999891519547,1.7732346057891846
