server_round,loss,accuracy,server_evaluation_time,full_round_time,avg_client_training_time
0,164.15310668945312,0.09440000355243683,2.5317182540893555,,
1,2.1523873805999756,0.6431000232696533,1.8689346313476562,58.83257055282593,34.72237730026245
2,1.1524810791015625,0.5831999778747559,1.9970204830169678,50.001298904418945,29.321964005629223
