server_round,loss,accuracy,server_evaluation_time,full_round_time,avg_client_training_time,max_client_training_time,min_client_training_time,num_failures,accuracy_delta,loss_delta
0,138.72227478027344,0.09470000118017197,1.6934263706207275,,,,,,,
1,11.372880935668945,0.6417999863624573,1.3039240837097168,10.108481645584106,2.6874488592147827,3.658891201019287,1.9622218608856201,4,0.5470999851822853,-127.34939384460449
2,1.969697117805481,0.6614999771118164,1.0795693397521973,18.681724309921265,4.131838858127594,6.2314066886901855,1.725414514541626,0,0.01969999074935913,-9.403183817863464
